<?xml version="1.0" encoding="utf-8"?>
<DataModelInfo xmlns:xsd="http://www.w3.org/2001/XMLSchema" xmlns:xsi="http://www.w3.org/2001/XMLSchema-instance" xmlns="http://schemas.qualisystems.com/ResourceManagement/DataModelSchema.xsd">
  <Attributes />
  <ResourceFamilies>
    <ResourceFamily Name="DummyResourceFam" Description="" IsSearchable="true" ResourceType="Resource">
      <AttachedAttributes />
      <AttributeValues />
      <Models>
        <ResourceModel Name="DummyModel" Description="" SupportsConcurrentCommands="false">
          <AttachedAttributes />
          <AttributeValues />
          <ParentModels />
          <Drivers />
          <Scripts>
            <ScriptName>HelloWorld</ScriptName>
            <ScriptName>Repeat</ScriptName>
          </Scripts>
        </ResourceModel>
      </Models>
      <Categories />
    </ResourceFamily>
    <ResourceFamily Name="Ixia" IsConnectable="true" Description="" IsSearchable="true" ResourceType="Resource">
      <AttachedAttributes />
      <AttributeValues />
      <Models>
        <ResourceModel Name="Ixia XGS12" ImagePath="Ixia XGS12_Model.png" Description="" SupportsConcurrentCommands="false">
          <AttachedAttributes />
          <AttributeValues />
          <ParentModels />
          <Drivers>
            <DriverName>IxiaLoad</DriverName>
          </Drivers>
          <Scripts />
        </ResourceModel>
      </Models>
      <Categories />
    </ResourceFamily>
  </ResourceFamilies>
  <DriverDescriptors>
    <DriverDescriptor Name="IxiaLoad" DriverType="TestShellDriver" />
  </DriverDescriptors>
  <ScriptDescriptors>
    <ScriptDescriptor Name="HelloWorld" Alias="HelloWorld">
      <ScriptInputs />
    </ScriptDescriptor>
    <ScriptDescriptor Name="Repeat" Alias="Repeat">
      <ScriptInputs>
        <ScriptInput Name="TEXT" />
      </ScriptInputs>
    </ScriptDescriptor>
  </ScriptDescriptors>
</DataModelInfo>