<?xml version="1.0" encoding="utf-8"?>
<DataModelInfo xmlns:xsd="http://www.w3.org/2001/XMLSchema" xmlns:xsi="http://www.w3.org/2001/XMLSchema-instance" xmlns="http://schemas.qualisystems.com/ResourceManagement/DataModelSchema.xsd">
  <Attributes />
  <ResourceFamilies>
    <ResourceFamily Name="DummyResourceFam" Description="" IsSearchable="true" ResourceType="Resource">
      <AttachedAttributes />
      <AttributeValues />
      <Models>
        <ResourceModel Name="DummyModel" Description="" SupportsConcurrentCommands="false">
          <AttachedAttributes />
          <AttributeValues />
          <ParentModels />
          <Drivers />
          <Scripts>
            <ScriptName>HelloWorld</ScriptName>
          </Scripts>
        </ResourceModel>
      </Models>
      <Categories />
    </ResourceFamily>
  </ResourceFamilies>
  <DriverDescriptors />
  <ScriptDescriptors>
    <ScriptDescriptor Name="HelloWorld" Alias="HelloWorld">
      <ScriptInputs />
    </ScriptDescriptor>
  </ScriptDescriptors>
</DataModelInfo>