<?xml version="1.0" encoding="utf-8"?>
<TopologyInfo xmlns:xsd="http://www.w3.org/2001/XMLSchema" xmlns:xsi="http://www.w3.org/2001/XMLSchema-instance">
  <Details Name="Robot Example Blueprint" Alias="Robot Example Blueprint" Public="false" ImageName="Robot Example Blueprint.png" DefaultDuration="120">
    <Description>Blueprint with preconfigured setup &amp; teardown processes.Deploys Apps and resolves connections on Setup, and deletes App VMs on Teardown</Description>
    <Instructions>&lt;p&gt;&lt;span style="font-weight: bold;"&gt;Basic Robot Framework and CloudShell Integration&lt;/span&gt;&lt;/p&gt;&lt;p&gt;Reference architecture and proof of concept&lt;/p&gt;&lt;p&gt;&lt;a href="https://github.com/graboskyc/BasicCloudShellRobot/blob/master/README.md " target="_blank"&gt;Full details on the github?&lt;/a&gt;&lt;/p&gt;</Instructions>
    <Categories />
    <Diagram Zoom="1" NodeSize="Medium" />
  </Details>
  <Resources>
    <Resource PositionX="497" PositionY="221" Name="Dummy" Shared="true" />
    <Resource PositionX="1044" PositionY="235" Name="Ixia XGS12" Shared="true" />
  </Resources>
  <Apps />
</TopologyInfo>